<?xml version="1.0" encoding="UTF-8"?>
<office:document-meta xmlns:grddl="http://www.w3.org/2003/g/data-view#" xmlns:meta="urn:oasis:names:tc:opendocument:xmlns:meta:1.0" xmlns:xlink="http://www.w3.org/1999/xlink" xmlns:dc="http://purl.org/dc/elements/1.1/" xmlns:ooo="http://openoffice.org/2004/office" xmlns:office="urn:oasis:names:tc:opendocument:xmlns:office:1.0" office:version="1.2"><office:meta><meta:creation-date>2021-10-11T18:55:22.960828046</meta:creation-date><dc:date>2021-10-11T18:56:13.995845788</dc:date><meta:editing-duration>PT51S</meta:editing-duration><meta:editing-cycles>1</meta:editing-cycles><meta:document-statistic meta:table-count="0" meta:image-count="1" meta:object-count="0" meta:page-count="1" meta:paragraph-count="1" meta:word-count="24" meta:character-count="130" meta:non-whitespace-character-count="107"/><meta:generator>LibreOffice/6.4.7.2$Linux_X86_64 LibreOffice_project/40$Build-2</meta:generator></office:meta></office:document-meta>